Data,Hora,Tipo de transação,Nome,Detalhe,Valor
2026-01-05,09:23:15,Pix,Ana Carolina Santos,Recebido,"+R$ 45,30"
2026-01-07,14:42:33,Transferência,João Pedro Lima,Enviado,"-R$ 120,00"
2026-01-10,11:15:22,Depósito de vendas,Vendas,Depósito Stone,"+R$ 389,45"
2026-01-15,16:38:07,Pagamento de conta,Energisa,Fatura paga,"-R$ 187,32"
2026-01-22,08:51:44,Pix,Maria Fernanda Oliveira,Recebido,"+R$ 67,80"
2026-01-28,19:12:30,Saque,24h,Caixa eletrônico,"-R$ 200,00"
2026-02-03,10:05:18,Pix,Carlos Eduardo Souza,Recebido,"+R$ 32,50"
2026-02-07,13:27:41,Transferência,Renata Alves,Enviado,"-R$ 75,90"
2026-02-12,15:49:53,Depósito de vendas,Vendas,Depósito Mercado Pago,"+R$ 512,60"
2026-02-18,20:33:22,Pagamento de internet,Claro,Fatura paga,"-R$ 99,99"
2026-02-24,07:44:16,Pix,Paulo Henrique Costa,Recebido,"+R$ 18,25"
2026-03-02,12:18:37,Transferência,Luciana Mendes,Enviado,"-R$ 250,00"
2026-03-06,09:52:43,Depósito de vendas,Vendas,Depósito InfinitePay,"+R$ 734,28"
2026-03-11,17:05:29,Pagamento de água,Corsan,Fatura paga,"-R$ 89,45"
2026-03-15,14:30:11,Pix,Felipe Augusto Lima,Recebido,"+R$ 123,40"
2026-03-22,22:15:38,Saque,24h,Caixa eletrônico,"-R$ 300,00"
2026-04-04,08:47:52,Pix,Amanda Cristina Rocha,Recebido,"+R$ 56,75"
2026-04-09,11:33:24,Transferência,Rodrigo Nascimento,Enviado,"-R$ 430,00"
2026-04-14,15:58:41,Depósito de vendas,Vendas,Depósito PagSeguro,"+R$ 267,90"
2026-04-20,19:20:16,Pagamento de cartão,Nubank,Fatura paga,"-R$ 1250,00"
2026-04-25,06:42:37,Pix,Patrícia Gomes Ferreira,Recebido,"+R$ 34,60"
2026-05-01,13:14:50,Transferência,Thiago Barbosa,Enviado,"-R$ 180,00"
2026-05-06,10:29:03,Depósito de vendas,Vendas,Depósito Stone,"+R$ 412,35"
2026-05-12,16:45:29,Pagamento de aluguel,Imobiliária Nova,Aluguel,"-R$ 850,00"
2026-05-18,21:08:47,Pix,Rafaela Martins Dias,Recebido,"+R$ 92,15"
2026-05-24,12:36:52,Saque,24h,Caixa eletrônico,"-R$ 150,00"
2026-06-02,09:11:38,Pix,Gabriel Henrique Oliveira,Recebido,"+R$ 27,80"
2026-06-07,14:55:24,Transferência,Juliana Castro,Enviado,"-R$ 320,00"
2026-06-11,18:22:41,Depósito de vendas,Vendas,Depósito InfinitePay,"+R$ 1089,42"
2026-06-17,07:39:16,Pagamento de condomínio,Residencial Sol,Manutenção,"-R$ 320,00"
2026-06-23,20:14:33,Pix,Luiz Fernando Cardoso,Recebido,"+R$ 45,00"
2026-07-05,11:48:57,Transferência,Viviane Araújo,Enviado,"-R$ 95,50"
2026-07-09,16:27:42,Depósito de vendas,Vendas,Depósito Mercado Pago,"+R$ 623,70"
2026-07-15,08:53:18,Pagamento de telefone,Vivo,Fatura paga,"-R$ 142,30"
2026-07-21,13:41:05,Pix,Diego Souza Martins,Recebido,"+R$ 78,25"
2026-07-28,22:07:39,Saque,24h,Caixa eletrônico,"-R$ 200,00"
2026-08-04,10:33:22,Pix,Bianca Rodrigues,Recebido,"+R$ 129,90"
2026-08-08,15:19:44,Transferência,Marcelo Freitas,Enviado,"-R$ 210,00"
2026-08-13,19:05:31,Depósito de vendas,Vendas,Depósito PagSeguro,"+R$ 876,15"
2026-08-19,07:22:56,Pagamento de luz,CPFL,Fatura paga,"-R$ 215,40"
2026-08-25,12:48:13,Pix,Letícia Moura Silva,Recebido,"+R$ 38,70"
2026-09-03,09:56:48,Transferência,André Luís Teixeira,Enviado,"-R$ 560,00"
2026-09-08,14:21:35,Depósito de vendas,Vendas,Depósito Stone,"+R$ 457,80"
2026-09-14,17:38:22,Pagamento de escola,Colégio Primavera,Mensalidade,"-R$ 890,00"
2026-09-21,20:53:41,Pix,Helena Campos Souza,Recebido,"+R$ 63,40"
2026-09-27,11:12:09,Saque,24h,Caixa eletrônico,"-R$ 400,00"
2026-10-02,08:44:37,Pix,Gustavo Henrique Lima,Recebido,"+R$ 52,30"
2026-10-07,13:27:54,Transferência,Mariana Costa,Enviado,"-R$ 135,00"
2026-10-13,16:58:42,Depósito de vendas,Vendas,Depósito InfinitePay,"+R$ 934,56"
2026-10-19,10:15:28,Pagamento de academia,Smart Fit,Mensalidade,"-R$ 99,90"
2026-01-03,08:17:23,Pix,Larissa Mendonça,Recebido,"+R$ 28,50"
2026-01-06,11:42:55,Transferência,Fábio Henrique Santos,Enviado,"-R$ 165,00"
2026-01-09,15:28:14,Depósito de vendas,Vendas,Depósito Stone,"+R$ 412,75"
2026-01-12,19:53:41,Pagamento de streaming,Netflix,Mensalidade,"-R$ 39,90"
2026-01-14,07:34:28,Pix,Cláudia Regina Souza,Recebido,"+R$ 73,20"
2026-01-18,13:19:37,Saque,24h,Caixa eletrônico,"-R$ 250,00"
2026-01-21,16:45:52,Transferência,Ricardo Oliveira,Enviado,"-R$ 89,00"
2026-01-24,09:08:16,Pix,Beatriz Lopes Silva,Recebido,"+R$ 112,40"
2026-01-27,21:36:43,Pagamento de farmácia,Drogasil,Compra,"-R$ 87,35"
2026-01-30,12:14:59,Depósito de vendas,Vendas,Depósito Mercado Pago,"+R$ 678,90"
2026-02-02,10:23:47,Pix,Leonardo Augusto Dias,Recebido,"+R$ 45,60"
2026-02-05,14:51:33,Transferência,Tatiane Cristina,Enviado,"-R$ 310,00"
2026-02-08,18:27:19,Pagamento de restaurante,Outback,Compra,"-R$ 156,80"
2026-02-11,08:42:56,Pix,Samuel Carvalho,Recebido,"+R$ 92,75"
2026-02-14,22:13:42,Saque,24h,Caixa eletrônico,"-R$ 180,00"
2026-02-17,11:38:24,Depósito de vendas,Vendas,Depósito InfinitePay,"+R$ 845,30"
2026-02-20,15:07:51,Transferência,Elaine Cristina,Enviado,"-R$ 220,00"
2026-02-23,19:44:18,Pix,Marcos Vinícius,Recebido,"+R$ 37,80"
2026-02-26,07:29:45,Pagamento de supermercado,Pão de Açúcar,Compra,"-R$ 324,50"
2026-03-01,13:52:33,Depósito de vendas,Vendas,Depósito PagSeguro,"+R$ 567,25"
2026-03-04,16:18:47,Pix,Adriana Freitas,Recebido,"+R$ 154,30"
2026-03-07,09:36:12,Transferência,José Roberto Lima,Enviado,"-R$ 430,00"
2026-03-10,20:55:28,Pagamento de combustível,Posto Ipiranga,Compra,"-R$ 210,40"
2026-03-13,12:41:03,Saque,24h,Caixa eletrônico,"-R$ 300,00"
2026-03-16,17:24:56,Pix,Simone Aparecida,Recebido,"+R$ 63,90"
2026-03-19,08:13:42,Transferência,Fernando Augusto,Enviado,"-R$ 175,00"
2026-03-22,14:37:29,Depósito de vendas,Vendas,Depósito Stone,"+R$ 932,60"
2026-03-25,18:59:14,Pagamento de farmácia,RaiaDrogasil,Compra,"-R$ 62,30"
2026-03-28,21:22:47,Pix,Vanessa Rodrigues,Recebido,"+R$ 41,20"
2026-03-31,10:48:33,Transferência,Alexandre Pereira,Enviado,"-R$ 520,00"
2026-04-03,15:14:28,Pix,Bruno César Santos,Recebido,"+R$ 87,50"
2026-04-06,19:37:52,Depósito de vendas,Vendas,Depósito Mercado Pago,"+R$ 346,80"
2026-04-09,08:56:17,Pagamento de academia,Bluefit,Mensalidade,"-R$ 89,90"
2026-04-12,13:23:44,Saque,24h,Caixa eletrônico,"-R$ 220,00"
2026-04-15,16:48:31,Transferência,Daniela Cristina,Enviado,"-R$ 280,00"
2026-04-18,20:15:59,Pix,Otávio Henrique,Recebido,"+R$ 126,40"
2026-04-21,09:41:26,Pagamento de internet,Oi,Fatura paga,"-R$ 79,99"
2026-04-24,12:18:43,Depósito de vendas,Vendas,Depósito InfinitePay,"+R$ 1087,45"
2026-04-27,17:35:18,Transferência,Camila Souza,Enviado,"-R$ 195,00"
2026-04-30,22:07:54,Pix,Anderson Luís,Recebido,"+R$ 52,70"
2026-05-03,11:29:37,Pagamento de delivery,iFood,Compra,"-R$ 47,50"
2026-05-06,14:52:13,Saque,24h,Caixa eletrônico,"-R$ 400,00"
2026-05-09,18:24:48,Depósito de vendas,Vendas,Depósito PagSeguro,"+R$ 734,20"
2026-05-12,08:41:22,Pix,Regina Célia,Recebido,"+R$ 33,80"
2026-05-15,13:16:57,Transferência,William Silva,Enviado,"-R$ 610,00"
2026-05-18,16:39:34,Pagamento de telefone,Tim,Fatura paga,"-R$ 64,90"
2026-05-21,20:03:18,Pix,Carla Patrícia,Recebido,"+R$ 98,25"
2026-05-24,09:28:45,Depósito de vendas,Vendas,Depósito Stone,"+R$ 523,60"
2026-05-27,12:55:22,Transferência,Roberto Carlos,Enviado,"-R$ 345,00"
2026-05-30,17:42:39,Saque,24h,Caixa eletrônico,"-R$ 150,00"
2026-06-02,21:14:56,Pix,Eliana Cristina,Recebido,"+R$ 71,90"
2026-06-05,08:37:23,Pagamento de veterinário,Clínica Animal,Consulta,"-R$ 280,00"
2026-06-08,12:59:48,Depósito de vendas,Vendas,Depósito Mercado Pago,"+R$ 456,75"
2026-06-11,15:26:14,Transferência,Gisele Bittencourt,Enviado,"-R$ 170,00"
2026-06-14,19:48:37,Pix,Eduardo Costa,Recebido,"+R$ 184,30"
2026-06-17,23:11:52,Pagamento de streaming,Amazon Prime,Mensalidade,"-R$ 14,90"
2026-06-20,10:37:29,Saque,24h,Caixa eletrônico,"-R$ 350,00"
2026-06-23,14:02:46,Depósito de vendas,Vendas,Depósito InfinitePay,"+R$ 1298,50"
2026-06-26,18:29:13,Transferência,Valéria Santos,Enviado,"-R$ 420,00"
2026-06-29,21:54:38,Pix,João Vitor Mendes,Recebido,"+R$ 47,60"
2026-07-02,09:18:45,Pagamento de gasolina,Posto Shell,Compra,"-R$ 185,70"
2026-07-05,13:42:21,Depósito de vendas,Vendas,Depósito PagSeguro,"+R$ 612,35"
2026-07-08,16:07:54,Transferência,Michele Aparecida,Enviado,"-R$ 290,00"
2026-07-11,20:33:19,Pix,Alberto Rodrigues,Recebido,"+R$ 55,80"
2026-07-14,08:56:42,Saque,24h,Caixa eletrônico,"-R$ 200,00"
2026-07-17,12:21:37,Pagamento de farmácia,Pague Menos,Compra,"-R$ 78,45"
2026-07-20,15:48:53,Depósito de vendas,Vendas,Depósito Stone,"+R$ 789,40"
2026-07-23,19:13:28,Transferência,Luana Cristina,Enviado,"-R$ 235,00"
2026-07-26,22:38:14,Pix,Antônio Carlos,Recebido,"+R$ 112,90"
2026-07-29,11:04:47,Pagamento de escola,Colégio Anglo,Mensalidade,"-R$ 980,00"
2026-08-01,14:27:33,Saque,24h,Caixa eletrônico,"-R$ 500,00"
2026-08-04,17:52:19,Depósito de vendas,Vendas,Depósito Mercado Pago,"+R$ 867,55"
2026-08-07,09:15:46,Pix,Márcia Regina,Recebido,"+R$ 69,30"
2026-08-10,12:41:12,Transferência,Osvaldo José,Enviado,"-R$ 380,00"
2026-08-13,16:06:38,Pagamento de luz,Enel,Fatura paga,"-R$ 243,60"
2026-08-16,19:32:04,Depósito de vendas,Vendas,Depósito InfinitePay,"+R$ 1456,80"
2026-08-19,22:57:31,Pix,Heloísa Santos,Recebido,"+R$ 37,20"
2026-08-22,10:23:57,Saque,24h,Caixa eletrônico,"-R$ 280,00"
2026-08-25,13:48:22,Transferência,Murilo Henrique,Enviado,"-R$ 315,00"
2026-08-28,17:14:48,Pagamento de água,Sabesp,Fatura paga,"-R$ 96,80"
2026-08-31,20:39:14,Depósito de vendas,Vendas,Depósito PagSeguro,"+R$ 524,90"
2026-09-03,08:04:39,Pix,Clara Beatriz,Recebido,"+R$ 83,45"
2026-09-06,11:30:05,Transferência,Igor Fernandes,Enviado,"-R$ 440,00"
2026-09-09,14:55:31,Saque,24h,Caixa eletrônico,"-R$ 180,00"
2026-09-12,18:20:56,Depósito de vendas,Vendas,Depósito Stone,"+R$ 923,70"
2026-09-15,21:46:22,Pix,Sílvia Helena,Recebido,"+R$ 129,60"
2026-09-18,09:11:48,Pagamento de condomínio,Edifício Central,Manutenção,"-R$ 380,00"
2026-09-21,12:37:13,Transferência,Victor Hugo,Enviado,"-R$ 195,00"
2026-09-24,16:02:39,Depósito de vendas,Vendas,Depósito Mercado Pago,"+R$ 674,35"
2026-09-27,19:28:05,Pix,Elisângela Souza,Recebido,"+R$ 48,90"
2026-09-30,22:53:30,Saque,24h,Caixa eletrônico,"-R$ 420,00"
2026-10-03,10:18:56,Pagamento de internet,Claro,Fatura paga,"-R$ 99,99"
2026-10-06,13:44:22,Depósito de vendas,Vendas,Depósito InfinitePay,"+R$ 1132,40"
2026-10-09,17:09:47,Transferência,Sabrina Lopes,Enviado,"-R$ 530,00"
2026-10-12,20:35:13,Pix,Thales Henrique,Recebido,"+R$ 74,20"
2026-10-15,08:00:39,Saque,24h,Caixa eletrônico,"-R$ 250,00"
2026-10-18,11:26:04,Pagamento de academia,Smart Fit,Mensalidade,"-R$ 99,90"
2026-10-21,14:51:30,Depósito de vendas,Vendas,Depósito PagSeguro,"+R$ 786,55"
2026-10-24,18:16:56,Transferência,Célia Regina,Enviado,"-R$ 275,00"
2026-10-27,21:42:21,Pix,Renato Augusto,Recebido,"+R$ 135,80"
2026-10-30,09:07:47,Pagamento de estacionamento,MultiPark,Compra,"-R$ 42,00"
2026-11-02,12:33:13,Depósito de vendas,Vendas,Depósito Stone,"+R$ 689,25"
2026-11-05,15:58:38,Transferência,Joana Darc,Enviado,"-R$ 360,00"
2026-11-08,19:24:04,Saque,24h,Caixa eletrônico,"-R$ 320,00"
2026-11-11,22:49:30,Pix,Francisco José,Recebido,"+R$ 57,30"
2026-11-14,10:14:55,Pagamento de farmácia,São Paulo,Compra,"-R$ 91,70"
2026-11-17,13:40:21,Depósito de vendas,Vendas,Depósito Mercado Pago,"+R$ 978,90"
2026-11-20,17:05:47,Transferência,Rosângela Silva,Enviado,"-R$ 410,00"
2026-11-23,20:31:12,Pix,Diogo Henrique,Recebido,"+R$ 163,40"
2026-11-26,23:56:38,Pagamento de aluguel,Imobiliária Centro,Aluguel,"-R$ 950,00"
2026-11-29,09:22:04,Saque,24h,Caixa eletrônico,"-R$ 200,00"
2026-12-02,12:47:29,Depósito de vendas,Vendas,Depósito InfinitePay,"+R$ 1543,60"
2026-12-05,16:12:55,Pix,Natália Cristina,Recebido,"+R$ 42,80"
2026-12-08,19:38:21,Transferência,Márcio Roberto,Enviado,"-R$ 290,00"
2026-12-11,23:03:46,Pagamento de presente,Loja Americanas,Compra,"-R$ 187,50"
2026-12-14,10:29:12,Depósito de vendas,Vendas,Depósito PagSeguro,"+R$ 2210,75"
2026-12-17,13:54:38,Saque,24h,Caixa eletrônico,"-R$ 600,00"
2026-12-20,17:20:03,Transferência,Luciano Costa,Enviado,"-R$ 480,00"
2026-12-23,20:45:29,Pix,Reginaldo Ferreira,Recebido,"+R$ 228,90"
2026-12-26,08:10:55,Pagamento de ceia de natal,Supermercado Extra,Compra,"-R$ 543,20"
2026-12-29,11:36:20,Depósito de vendas,Vendas,Depósito Stone,"+R$ 3245,30"
2026-12-31,14:01:46,Pix,Feliz Ano Novo Amigos=,Recebido,"+R$ 500,00"